{
  "required": true,
  "package": "baritone.launch.mixins",
  "compatibilityLevel": "JAVA_17",
  "verbose": false,
  "injectors": {
    "maxShiftBy": 2,
    "defaultRequire": 1
  },
  "client": [
    "MixinChunkArray",
    "MixinClientChunkProvider",
    "MixinClientPlayerEntity",
    "MixinClientPlayNetHandler",
    "MixinCommandSuggestionHelper",
    "MixinEntity",
    "MixinEntityRenderManager",
    "MixinFireworkRocketEntity",
    "MixinItemStack",
    "MixinLivingEntity",
    "MixinLootContextBuilder",
    "MixinLootTable",
    "MixinMinecraft",
    "MixinNetworkManager",
    "MixinPalettedContainer",
    "MixinPalettedContainer$Data",
    "MixinPlayerController",
    "MixinScreen",
    "MixinWorldRenderer"
  ],
  "mixins": [
  ]
}
